ResponseID,MaxBiggestBarrier,Biggest_Barriers,MaxSmallestBarrier,Smallest_Barriers
1,7,Noisy work environment,6,Connectivity/internet issues
5,14,NA,14,NA
19,3,Difficulty collaborating with remote colleagues,3,Lack of privacy
23,3,Lack of appropriate work and meeting spaces,3,Difficulty collaborating with remote colleagues
48,14,NA,14,NA
62,5,Interruptions,4,Difficulty innovating
64,4,Lack of appropriate work and meeting spaces,5,Problems with audio-visual setup
75,14,NA,14,NA
82,14,NA,14,NA
84,14,NA,14,NA
86,6,Difficulty innovating,5,Connectivity/internet issues
99,3,Lack of privacy,4,Problems with audio-visual setup
109,14,NA,14,NA
121,3,Noisy work environment,3,Problems with audio-visual setup
141,14,NA,14,NA
150,14,NA,14,NA
159,6,Interruptions,6,Noisy work environment
162,3,Lack of appropriate work and meeting spaces,3,Noisy work environment
166,6,Noisy work environment,6,Interruptions
167,4,Problems with audio-visual setup,3,Problems with audio-visual setup
173,14,NA,14,NA
207,14,NA,14,NA
208,3,Lack of privacy,4,Noisy work environment
209,14,NA,14,NA
211,6,Difficulty collaborating with remote colleagues,5,Connectivity/internet issues
213,6,Difficulty innovating,5,Noisy work environment
214,14,NA,14,NA
216,14,NA,14,NA
220,4,Noisy work environment,4,Interruptions
221,4,Noisy work environment,5,Problems with audio-visual setup
242,6,Noisy work environment,7,Lack of privacy
267,4,Interruptions,3,Noisy work environment
273,14,NA,14,NA
274,4,Lack of privacy,3,Noisy work environment
275,14,NA,14,NA
282,14,NA,14,NA
288,5,Noisy work environment,6,Connectivity/internet issues
313,4,Difficulty innovating,4,Problems with audio-visual setup
316,14,NA,14,NA
320,5,Difficulty collaborating with remote colleagues,3,Interruptions
330,4,Difficulty collaborating with remote colleagues,5,Interruptions
344,7,Connectivity/internet issues,6,Difficulty innovating
345,7,Interruptions,7,Lack of privacy
348,14,NA,14,NA
349,7,Interruptions,7,Noisy work environment
350,14,NA,14,NA
359,6,Lack of appropriate work and meeting spaces,6,Connectivity/internet issues
369,7,Lack of privacy,6,Difficulty collaborating with remote colleagues
371,7,Connectivity/internet issues,6,Difficulty innovating
384,14,NA,14,NA
388,5,Interruptions,3,Problems with audio-visual setup
416,14,NA,14,NA
418,14,NA,14,NA
422,5,Noisy work environment,3,Problems with audio-visual setup
435,6,Problems with audio-visual setup,7,Noisy work environment
441,14,NA,14,NA
450,14,NA,14,NA
473,14,NA,14,NA
475,14,NA,14,NA
476,3,Problems with audio-visual setup,7,Noisy work environment
479,7,Lack of privacy,7,Lack of appropriate work and meeting spaces
482,14,NA,14,NA
499,3,Problems with audio-visual setup,4,Noisy work environment
501,6,Difficulty innovating,4,Problems with audio-visual setup
508,6,Difficulty collaborating with remote colleagues,4,Interruptions
509,14,NA,14,NA
516,14,NA,14,NA
520,5,Noisy work environment,3,Problems with audio-visual setup
525,7,Connectivity/internet issues,5,Noisy work environment
543,14,NA,14,NA
550,14,NA,14,NA
552,4,Problems with audio-visual setup,4,Difficulty collaborating with remote colleagues
566,4,Lack of privacy,5,Interruptions
574,4,Interruptions,3,Noisy work environment
582,14,NA,14,NA
590,7,Noisy work environment,7,Connectivity/internet issues
593,5,Interruptions,7,Difficulty innovating
598,7,Connectivity/internet issues,5,Noisy work environment
607,14,NA,14,NA
609,14,NA,14,NA
611,5,Problems with audio-visual setup,3,Lack of appropriate work and meeting spaces
623,3,Noisy work environment,3,Problems with audio-visual setup
625,6,Connectivity/internet issues,3,Lack of privacy
635,4,Noisy work environment,3,Difficulty innovating
650,14,NA,14,NA
652,14,NA,14,NA
657,5,Problems with audio-visual setup,7,Lack of privacy
675,14,NA,14,NA
677,14,NA,14,NA
681,5,Difficulty collaborating with remote colleagues,6,Interruptions
712,7,Difficulty innovating,6,Interruptions
716,14,NA,14,NA
8,14,NA,14,NA
22,14,NA,14,NA
33,14,NA,14,NA
38,3,Lack of appropriate work and meeting spaces,3,Problems with audio-visual setup
40,14,NA,14,NA
47,14,NA,14,NA
50,7,Interruptions,6,Lack of appropriate work and meeting spaces
57,3,Problems with audio-visual setup,4,Lack of appropriate work and meeting spaces
69,5,Noisy work environment,6,Lack of appropriate work and meeting spaces
81,5,Difficulty innovating,4,Interruptions
90,14,NA,14,NA
97,14,NA,14,NA
108,14,NA,14,NA
112,4,Connectivity/internet issues,7,Difficulty innovating
122,14,NA,14,NA
133,14,NA,14,NA
140,14,NA,14,NA
143,3,Difficulty innovating,4,Interruptions
168,5,Lack of appropriate work and meeting spaces,5,Difficulty innovating
175,5,Difficulty collaborating with remote colleagues,5,Lack of privacy
176,14,NA,14,NA
190,14,NA,14,NA
193,7,Difficulty collaborating with remote colleagues,6,Connectivity/internet issues
206,3,Noisy work environment,3,Lack of appropriate work and meeting spaces
219,4,Lack of appropriate work and meeting spaces,7,Noisy work environment
226,14,NA,14,NA
249,5,Interruptions,4,Lack of privacy
250,5,Noisy work environment,5,Lack of privacy
251,14,NA,14,NA
258,14,NA,14,NA
265,14,NA,14,NA
276,14,NA,14,NA
281,6,Noisy work environment,6,Difficulty collaborating with remote colleagues
300,3,Problems with audio-visual setup,4,Interruptions
315,14,NA,14,NA
317,6,Interruptions,6,Lack of privacy
326,14,NA,14,NA
331,6,Lack of privacy,6,Connectivity/internet issues
333,14,NA,14,NA
340,14,NA,14,NA
343,6,Interruptions,7,Connectivity/internet issues
351,14,NA,14,NA
357,4,Difficulty collaborating with remote colleagues,3,Lack of appropriate work and meeting spaces
358,14,NA,14,NA
373,6,Difficulty collaborating with remote colleagues,5,Lack of appropriate work and meeting spaces
374,5,Difficulty collaborating with remote colleagues,4,Interruptions
387,5,Problems with audio-visual setup,6,Noisy work environment
408,14,NA,14,NA
412,6,Connectivity/internet issues,5,Interruptions
415,14,NA,14,NA
433,14,NA,14,NA
443,7,Difficulty collaborating with remote colleagues,6,Lack of appropriate work and meeting spaces
451,14,NA,14,NA
467,4,Difficulty collaborating with remote colleagues,5,Problems with audio-visual setup
487,3,Noisy work environment,5,Lack of privacy
488,5,Noisy work environment,4,Interruptions
490,14,NA,14,NA
493,7,Lack of privacy,6,Lack of appropriate work and meeting spaces
500,3,Interruptions,4,Lack of appropriate work and meeting spaces
512,4,Difficulty innovating,4,Lack of privacy
517,5,Connectivity/internet issues,4,Problems with audio-visual setup
533,14,NA,14,NA
556,5,Interruptions,4,Noisy work environment
565,14,NA,14,NA
580,3,Problems with audio-visual setup,5,Lack of privacy
583,14,NA,14,NA
586,7,Connectivity/internet issues,6,Difficulty innovating
599,3,Lack of appropriate work and meeting spaces,3,Interruptions
600,6,Interruptions,4,Problems with audio-visual setup
601,14,NA,14,NA
605,6,Connectivity/internet issues,5,Difficulty collaborating with remote colleagues
613,3,Problems with audio-visual setup,3,Noisy work environment
640,14,NA,14,NA
655,7,Connectivity/internet issues,4,Interruptions
668,6,Noisy work environment,4,Difficulty collaborating with remote colleagues
690,14,NA,14,NA
692,7,Difficulty collaborating with remote colleagues,5,Lack of privacy
693,7,Connectivity/internet issues,6,Lack of privacy
694,14,NA,14,NA
701,14,NA,14,NA
705,4,Difficulty collaborating with remote colleagues,4,Interruptions
733,14,NA,14,NA
742,7,Interruptions,5,Difficulty innovating
744,4,Difficulty collaborating with remote colleagues,4,Problems with audio-visual setup
769,14,NA,14,NA
780,3,Noisy work environment,5,Problems with audio-visual setup
794,14,NA,14,NA
800,3,Difficulty innovating,4,Connectivity/internet issues
801,14,NA,14,NA
819,14,NA,14,NA
829,5,Difficulty innovating,5,Connectivity/internet issues
6,3,Problems with audio-visual setup,5,Noisy work environment
18,3,Difficulty innovating,3,Problems with audio-visual setup
20,6,Connectivity/internet issues,6,Lack of appropriate work and meeting spaces
35,6,Connectivity/internet issues,3,Lack of privacy
70,14,NA,14,NA
74,7,Problems with audio-visual setup,7,Noisy work environment
79,6,Interruptions,4,Lack of privacy
85,14,NA,14,NA
96,6,Difficulty collaborating with remote colleagues,7,Noisy work environment
101,4,Problems with audio-visual setup,5,Lack of appropriate work and meeting spaces
102,14,NA,14,NA
103,5,Noisy work environment,4,Connectivity/internet issues
110,7,Interruptions,7,Difficulty innovating
116,3,Lack of privacy,3,Problems with audio-visual setup
119,14,NA,14,NA
128,4,Noisy work environment,3,Lack of appropriate work and meeting spaces
130,6,Difficulty innovating,4,Problems with audio-visual setup
136,14,NA,14,NA
160,3,Problems with audio-visual setup,4,Difficulty innovating
169,7,Connectivity/internet issues,5,Lack of privacy
174,7,Noisy work environment,4,Lack of appropriate work and meeting spaces
179,7,Connectivity/internet issues,6,Difficulty innovating
185,14,NA,14,NA
186,4,Difficulty collaborating with remote colleagues,5,Connectivity/internet issues
202,14,NA,14,NA
204,14,NA,14,NA
218,5,Noisy work environment,4,Difficulty innovating
235,3,Problems with audio-visual setup,3,Noisy work environment
236,14,NA,14,NA
237,7,Connectivity/internet issues,5,Noisy work environment
240,4,Interruptions,4,Noisy work environment
247,7,Connectivity/internet issues,6,Difficulty innovating
253,14,NA,14,NA
255,14,NA,14,NA
257,5,Lack of appropriate work and meeting spaces,6,Noisy work environment
269,7,Lack of privacy,5,Noisy work environment
302,14,NA,14,NA
303,6,Connectivity/internet issues,6,Lack of privacy
308,4,Difficulty innovating,4,Noisy work environment
319,14,NA,14,NA
336,14,NA,14,NA
338,14,NA,14,NA
347,7,Difficulty collaborating with remote colleagues,6,Interruptions
352,6,Interruptions,3,Problems with audio-visual setup
353,14,NA,14,NA
355,14,NA,14,NA
372,14,NA,14,NA
381,7,Noisy work environment,6,Interruptions
389,4,Connectivity/internet issues,4,Difficulty innovating
391,4,Noisy work environment,4,Problems with audio-visual setup
393,7,Difficulty collaborating with remote colleagues,7,Lack of privacy
398,3,Lack of appropriate work and meeting spaces,4,Problems with audio-visual setup
402,14,NA,14,NA
404,14,NA,14,NA
438,14,NA,14,NA
442,4,Difficulty innovating,4,Noisy work environment
454,7,Lack of privacy,5,Noisy work environment
455,14,NA,14,NA
461,7,Noisy work environment,7,Connectivity/internet issues
472,14,NA,14,NA
484,3,Noisy work environment,3,Problems with audio-visual setup
489,14,NA,14,NA
491,6,Interruptions,5,Problems with audio-visual setup
502,14,NA,14,NA
506,4,Difficulty collaborating with remote colleagues,4,Problems with audio-visual setup
513,5,Problems with audio-visual setup,5,Interruptions
518,3,Lack of appropriate work and meeting spaces,6,Lack of privacy
536,14,NA,14,NA
544,5,Noisy work environment,6,Connectivity/internet issues
547,5,Problems with audio-visual setup,5,Lack of privacy
555,14,NA,14,NA
561,7,Difficulty collaborating with remote colleagues,7,Lack of privacy
570,14,NA,14,NA
572,14,NA,14,NA
576,7,Difficulty collaborating with remote colleagues,7,Interruptions
579,6,Problems with audio-visual setup,4,Noisy work environment
606,14,NA,14,NA
630,5,Connectivity/internet issues,5,Lack of privacy
644,4,Problems with audio-visual setup,7,Noisy work environment
647,7,Problems with audio-visual setup,6,Connectivity/internet issues
669,6,Noisy work environment,6,Lack of appropriate work and meeting spaces
670,14,NA,14,NA
671,7,Difficulty collaborating with remote colleagues,5,Lack of privacy
672,14,NA,14,NA
683,7,Noisy work environment,6,Problems with audio-visual setup
7,7,Connectivity/internet issues,6,Difficulty innovating
11,14,NA,14,NA
15,4,Connectivity/internet issues,4,Difficulty collaborating with remote colleagues
16,4,Connectivity/internet issues,4,Interruptions
21,4,Problems with audio-visual setup,3,Problems with audio-visual setup
34,7,Interruptions,7,Noisy work environment
39,6,Interruptions,7,Lack of privacy
42,6,Difficulty collaborating with remote colleagues,3,Problems with audio-visual setup
43,14,NA,14,NA
44,14,NA,14,NA
46,6,Problems with audio-visual setup,6,Interruptions
66,7,Difficulty collaborating with remote colleagues,7,Lack of privacy
71,5,Difficulty innovating,5,Problems with audio-visual setup
72,7,Difficulty collaborating with remote colleagues,6,Connectivity/internet issues
77,7,Problems with audio-visual setup,5,Lack of appropriate work and meeting spaces
78,5,Lack of appropriate work and meeting spaces,4,Connectivity/internet issues
93,14,NA,14,NA
94,14,NA,14,NA
104,4,Noisy work environment,3,Problems with audio-visual setup
111,14,NA,14,NA
126,14,NA,14,NA
129,14,NA,14,NA
144,14,NA,14,NA
151,7,Noisy work environment,4,Lack of appropriate work and meeting spaces
165,6,Difficulty collaborating with remote colleagues,5,Lack of privacy
183,3,Noisy work environment,5,Difficulty collaborating with remote colleagues
191,3,Lack of appropriate work and meeting spaces,3,Noisy work environment
194,14,NA,14,NA
195,7,Interruptions,5,Difficulty collaborating with remote colleagues
201,7,Difficulty collaborating with remote colleagues,7,Lack of appropriate work and meeting spaces
212,14,NA,14,NA
222,7,Difficulty collaborating with remote colleagues,6,Noisy work environment
227,5,Connectivity/internet issues,4,Difficulty collaborating with remote colleagues
228,6,Difficulty collaborating with remote colleagues,6,Noisy work environment
230,14,NA,14,NA
244,14,NA,14,NA
248,7,Difficulty collaborating with remote colleagues,4,Noisy work environment
254,6,Lack of appropriate work and meeting spaces,4,Interruptions
262,14,NA,14,NA
263,7,Interruptions,5,Lack of privacy
279,14,NA,14,NA
280,14,NA,14,NA
284,7,Noisy work environment,7,Connectivity/internet issues
289,4,Noisy work environment,3,Noisy work environment
294,14,NA,14,NA
295,7,Difficulty innovating,5,Lack of privacy
297,14,NA,14,NA
311,14,NA,14,NA
321,4,Problems with audio-visual setup,3,Interruptions
328,6,Lack of privacy,6,Difficulty innovating
334,3,Lack of appropriate work and meeting spaces,5,Connectivity/internet issues
354,5,Difficulty collaborating with remote colleagues,5,Lack of privacy
362,14,NA,14,NA
366,4,Difficulty innovating,4,Connectivity/internet issues
378,3,Problems with audio-visual setup,3,Problems with audio-visual setup
379,14,NA,14,NA
386,3,Noisy work environment,4,Noisy work environment
395,4,Lack of appropriate work and meeting spaces,5,Lack of privacy
401,3,Difficulty collaborating with remote colleagues,5,Lack of privacy
410,7,Noisy work environment,5,Lack of privacy
413,6,Difficulty innovating,6,Noisy work environment
430,14,NA,14,NA
434,7,Connectivity/internet issues,4,Interruptions
444,14,NA,14,NA
447,14,NA,14,NA
448,3,Difficulty collaborating with remote colleagues,5,Problems with audio-visual setup
452,6,Connectivity/internet issues,5,Noisy work environment
462,14,NA,14,NA
478,7,Lack of appropriate work and meeting spaces,5,Lack of privacy
494,14,NA,14,NA
496,6,Difficulty collaborating with remote colleagues,6,Connectivity/internet issues
497,14,NA,14,NA
511,14,NA,14,NA
522,4,Interruptions,3,Lack of appropriate work and meeting spaces
530,14,NA,14,NA
551,6,Noisy work environment,5,Lack of appropriate work and meeting spaces
554,3,Interruptions,4,Connectivity/internet issues
557,7,Difficulty collaborating with remote colleagues,6,Interruptions
558,7,Interruptions,6,Connectivity/internet issues
569,7,Noisy work environment,7,Lack of appropriate work and meeting spaces
14,7,Connectivity/internet issues,7,Lack of privacy
24,14,NA,14,NA
29,4,Noisy work environment,5,Lack of privacy
41,5,Connectivity/internet issues,5,Difficulty innovating
45,7,Difficulty collaborating with remote colleagues,6,Lack of privacy
49,14,NA,14,NA
53,7,Interruptions,4,Noisy work environment
56,14,NA,14,NA
67,14,NA,14,NA
83,7,Difficulty collaborating with remote colleagues,5,Lack of privacy
106,14,NA,14,NA
124,14,NA,14,NA
139,7,Lack of privacy,7,Noisy work environment
142,14,NA,14,NA
146,5,Noisy work environment,3,Problems with audio-visual setup
147,3,Problems with audio-visual setup,3,Lack of appropriate work and meeting spaces
153,7,Difficulty collaborating with remote colleagues,4,Lack of privacy
156,14,NA,14,NA
177,5,Noisy work environment,5,Interruptions
181,14,NA,14,NA
197,5,Lack of appropriate work and meeting spaces,4,Lack of privacy
215,6,Connectivity/internet issues,6,Difficulty collaborating with remote colleagues
224,14,NA,14,NA
233,4,Noisy work environment,5,Difficulty innovating
241,4,Difficulty collaborating with remote colleagues,6,Interruptions
252,5,Interruptions,5,Lack of appropriate work and meeting spaces
256,14,NA,14,NA
259,4,Interruptions,3,Difficulty collaborating with remote colleagues
271,7,Difficulty collaborating with remote colleagues,7,Noisy work environment
272,5,Interruptions,4,Noisy work environment
278,2,Noisy work environment,3,Lack of privacy
285,4,Interruptions,4,Lack of appropriate work and meeting spaces
292,14,NA,14,NA
299,14,NA,14,NA
301,6,Interruptions,6,Difficulty collaborating with remote colleagues
310,4,Difficulty innovating,4,Lack of appropriate work and meeting spaces
335,4,Lack of privacy,4,Connectivity/internet issues
342,14,NA,14,NA
356,14,NA,14,NA
383,6,Noisy work environment,3,Lack of appropriate work and meeting spaces
390,4,Noisy work environment,5,Problems with audio-visual setup
396,6,Interruptions,5,Problems with audio-visual setup
399,14,NA,14,NA
403,5,Lack of appropriate work and meeting spaces,6,Connectivity/internet issues
417,14,NA,14,NA
421,4,Connectivity/internet issues,4,Noisy work environment
427,3,Problems with audio-visual setup,4,Lack of appropriate work and meeting spaces
429,3,Noisy work environment,3,Problems with audio-visual setup
431,14,NA,14,NA
440,6,Lack of privacy,6,Noisy work environment
445,7,Difficulty collaborating with remote colleagues,6,Lack of privacy
446,7,Interruptions,4,Connectivity/internet issues
457,7,Difficulty collaborating with remote colleagues,7,Connectivity/internet issues
460,14,NA,14,NA
471,7,Difficulty innovating,7,Noisy work environment
474,14,NA,14,NA
485,14,NA,14,NA
510,14,NA,14,NA
515,3,Lack of privacy,3,Noisy work environment
524,14,NA,14,NA
534,3,Lack of appropriate work and meeting spaces,4,Difficulty innovating
535,14,NA,14,NA
538,6,Interruptions,7,Noisy work environment
539,6,Interruptions,5,Difficulty innovating
540,6,Interruptions,6,Connectivity/internet issues
542,14,NA,14,NA
549,14,NA,14,NA
560,14,NA,14,NA
567,14,NA,14,NA
577,3,Lack of appropriate work and meeting spaces,4,Interruptions
585,14,NA,14,NA
591,3,Problems with audio-visual setup,4,Problems with audio-visual setup
592,14,NA,14,NA
603,4,Lack of privacy,7,Noisy work environment
610,14,NA,14,NA
615,4,Lack of appropriate work and meeting spaces,5,Noisy work environment
617,14,NA,14,NA
621,4,Difficulty collaborating with remote colleagues,4,Problems with audio-visual setup
624,14,NA,14,NA
639,4,Lack of appropriate work and meeting spaces,4,Interruptions
646,6,Interruptions,5,Connectivity/internet issues
649,14,NA,14,NA
653,4,Noisy work environment,4,Interruptions
659,5,Connectivity/internet issues,5,Noisy work environment
660,14,NA,14,NA
667,14,NA,14,NA
674,14,NA,14,NA
697,3,Noisy work environment,3,Problems with audio-visual setup
707,7,Problems with audio-visual setup,7,Difficulty innovating
2,3,Interruptions,3,Lack of appropriate work and meeting spaces
3,14,NA,14,NA
9,5,Difficulty innovating,6,Interruptions
12,6,Lack of privacy,7,Noisy work environment
17,3,Noisy work environment,3,Lack of appropriate work and meeting spaces
31,7,Difficulty innovating,6,Difficulty collaborating with remote colleagues
36,6,Lack of appropriate work and meeting spaces,6,Lack of privacy
37,14,NA,14,NA
51,3,Noisy work environment,3,Interruptions
52,14,NA,14,NA
54,14,NA,14,NA
58,4,Difficulty collaborating with remote colleagues,4,Connectivity/internet issues
65,7,Connectivity/internet issues,6,Lack of privacy
68,6,Difficulty collaborating with remote colleagues,6,Lack of privacy
88,14,NA,14,NA
92,4,Noisy work environment,4,Problems with audio-visual setup
105,14,NA,14,NA
107,6,Interruptions,5,Lack of privacy
114,6,Problems with audio-visual setup,7,Lack of privacy
117,5,Problems with audio-visual setup,4,Interruptions
120,14,NA,14,NA
131,5,Interruptions,5,Connectivity/internet issues
135,14,NA,14,NA
137,14,NA,14,NA
152,14,NA,14,NA
154,14,NA,14,NA
170,4,Difficulty collaborating with remote colleagues,5,Problems with audio-visual setup
171,14,NA,14,NA
178,3,Difficulty collaborating with remote colleagues,4,Interruptions
187,6,Interruptions,3,Noisy work environment
188,14,NA,14,NA
192,5,Difficulty collaborating with remote colleagues,6,Lack of privacy
203,14,NA,14,NA
205,14,NA,14,NA
239,4,Difficulty collaborating with remote colleagues,4,Noisy work environment
243,4,Difficulty innovating,7,Interruptions
246,6,Connectivity/internet issues,7,Interruptions
266,3,Problems with audio-visual setup,3,Interruptions
277,5,Interruptions,6,Lack of appropriate work and meeting spaces
286,14,NA,14,NA
290,4,Lack of appropriate work and meeting spaces,4,Noisy work environment
304,7,Connectivity/internet issues,5,Lack of privacy
305,14,NA,14,NA
309,4,Connectivity/internet issues,4,Difficulty collaborating with remote colleagues
314,3,Lack of privacy,4,Lack of appropriate work and meeting spaces
322,14,NA,14,NA
337,14,NA,14,NA
339,14,NA,14,NA
341,7,Difficulty collaborating with remote colleagues,4,Interruptions
361,4,Noisy work environment,3,Lack of appropriate work and meeting spaces
363,3,Problems with audio-visual setup,4,Difficulty collaborating with remote colleagues
365,6,Difficulty innovating,7,Interruptions
375,7,Difficulty collaborating with remote colleagues,7,Connectivity/internet issues
380,5,Interruptions,5,Connectivity/internet issues
392,7,Lack of appropriate work and meeting spaces,7,Lack of privacy
405,14,NA,14,NA
411,7,Interruptions,7,Connectivity/internet issues
420,14,NA,14,NA
426,4,Problems with audio-visual setup,4,Difficulty collaborating with remote colleagues
436,7,Connectivity/internet issues,5,Noisy work environment
437,14,NA,14,NA
439,5,Interruptions,3,Problems with audio-visual setup
456,14,NA,14,NA
463,4,Lack of appropriate work and meeting spaces,3,Problems with audio-visual setup
465,4,Difficulty collaborating with remote colleagues,6,Noisy work environment
469,14,NA,14,NA
483,3,Lack of appropriate work and meeting spaces,3,Lack of privacy
486,14,NA,14,NA
492,5,Lack of privacy,3,Connectivity/internet issues
503,14,NA,14,NA
507,6,Connectivity/internet issues,5,Noisy work environment
514,7,Noisy work environment,6,Connectivity/internet issues
519,7,Noisy work environment,5,Lack of privacy
521,5,Difficulty innovating,7,Noisy work environment
526,7,Problems with audio-visual setup,4,Interruptions
529,6,Noisy work environment,4,Lack of appropriate work and meeting spaces
531,4,Noisy work environment,3,Problems with audio-visual setup
537,14,NA,14,NA
553,5,Noisy work environment,4,Interruptions
573,14,NA,14,NA
575,6,Interruptions,5,Lack of privacy
578,3,Noisy work environment,4,Connectivity/internet issues
587,3,Interruptions,3,Problems with audio-visual setup
10,14,NA,14,NA
13,14,NA,14,NA
27,14,NA,14,NA
28,14,NA,14,NA
60,14,NA,14,NA
63,14,NA,14,NA
76,4,Problems with audio-visual setup,5,Difficulty collaborating with remote colleagues
87,4,Problems with audio-visual setup,6,Lack of privacy
95,14,NA,14,NA
113,14,NA,14,NA
118,6,Connectivity/internet issues,5,Lack of privacy
123,7,Connectivity/internet issues,6,Lack of privacy
132,7,Noisy work environment,7,Connectivity/internet issues
138,4,Noisy work environment,3,Noisy work environment
145,14,NA,14,NA
155,7,Problems with audio-visual setup,6,Difficulty innovating
158,5,Interruptions,4,Difficulty collaborating with remote colleagues
163,14,NA,14,NA
196,14,NA,14,NA
199,5,Interruptions,6,Connectivity/internet issues
210,14,NA,14,NA
223,6,Connectivity/internet issues,4,Interruptions
231,4,Difficulty innovating,4,Difficulty collaborating with remote colleagues
245,14,NA,14,NA
260,14,NA,14,NA
268,6,Interruptions,5,Problems with audio-visual setup
296,14,NA,14,NA
312,6,Difficulty innovating,6,Noisy work environment
318,4,Connectivity/internet issues,7,Noisy work environment
323,5,Noisy work environment,5,Connectivity/internet issues
327,14,NA,14,NA
329,6,Connectivity/internet issues,6,Noisy work environment
360,14,NA,14,NA
364,14,NA,14,NA
367,7,Connectivity/internet issues,4,Noisy work environment
376,4,Lack of appropriate work and meeting spaces,5,Noisy work environment
377,14,NA,14,NA
382,5,Problems with audio-visual setup,6,Lack of appropriate work and meeting spaces
394,3,Problems with audio-visual setup,3,Difficulty collaborating with remote colleagues
406,6,Interruptions,7,Lack of privacy
423,4,Problems with audio-visual setup,3,Noisy work environment
424,7,Difficulty collaborating with remote colleagues,6,Interruptions
449,3,Noisy work environment,5,Problems with audio-visual setup
464,14,NA,14,NA
477,14,NA,14,NA
481,4,Problems with audio-visual setup,4,Difficulty innovating
495,14,NA,14,NA
523,4,Interruptions,3,Noisy work environment
528,14,NA,14,NA
532,6,Difficulty innovating,5,Connectivity/internet issues
545,14,NA,14,NA
546,14,NA,14,NA
564,14,NA,14,NA
581,14,NA,14,NA
588,5,Difficulty collaborating with remote colleagues,5,Interruptions
596,14,NA,14,NA
612,3,Problems with audio-visual setup,6,Lack of privacy
614,14,NA,14,NA
618,7,Lack of privacy,4,Difficulty collaborating with remote colleagues
620,3,Noisy work environment,4,Lack of appropriate work and meeting spaces
628,14,NA,14,NA
638,5,Difficulty collaborating with remote colleagues,5,Noisy work environment
642,7,Interruptions,6,Lack of appropriate work and meeting spaces
645,14,NA,14,NA
664,14,NA,14,NA
673,7,Difficulty collaborating with remote colleagues,3,Lack of privacy
680,7,Difficulty collaborating with remote colleagues,5,Lack of privacy
691,4,Problems with audio-visual setup,6,Interruptions
695,14,NA,14,NA
706,7,Difficulty collaborating with remote colleagues,6,Noisy work environment
713,14,NA,14,NA
718,5,Difficulty innovating,6,Noisy work environment
724,6,Difficulty innovating,7,Connectivity/internet issues
730,6,Connectivity/internet issues,6,Lack of privacy
737,4,Difficulty collaborating with remote colleagues,3,Problems with audio-visual setup
738,6,Difficulty collaborating with remote colleagues,4,Problems with audio-visual setup
746,14,NA,14,NA
753,7,Interruptions,7,Lack of privacy
762,6,Difficulty innovating,6,Noisy work environment
763,14,NA,14,NA
779,5,Difficulty innovating,7,Noisy work environment
781,14,NA,14,NA
785,3,Noisy work environment,5,Difficulty collaborating with remote colleagues
786,7,Difficulty collaborating with remote colleagues,4,Interruptions
796,14,NA,14,NA
803,7,Interruptions,7,Difficulty innovating
818,6,Interruptions,5,Lack of privacy
823,5,Interruptions,5,Difficulty collaborating with remote colleagues
832,14,NA,14,NA
845,14,NA,14,NA
850,4,Difficulty collaborating with remote colleagues,4,Interruptions
4,6,Noisy work environment,5,Problems with audio-visual setup
25,14,NA,14,NA
26,4,Noisy work environment,6,Connectivity/internet issues
30,14,NA,14,NA
32,14,NA,14,NA
55,14,NA,14,NA
59,14,NA,14,NA
61,6,Lack of appropriate work and meeting spaces,5,Noisy work environment
73,3,Noisy work environment,3,Noisy work environment
80,6,Problems with audio-visual setup,3,Noisy work environment
89,14,NA,14,NA
91,14,NA,14,NA
98,14,NA,14,NA
100,14,NA,14,NA
115,3,Difficulty collaborating with remote colleagues,4,Noisy work environment
125,14,NA,14,NA
127,6,Lack of privacy,5,Lack of appropriate work and meeting spaces
134,14,NA,14,NA
148,3,Noisy work environment,3,Problems with audio-visual setup
149,6,Lack of privacy,4,Noisy work environment
157,14,NA,14,NA
161,5,Interruptions,6,Difficulty innovating
164,14,NA,14,NA
172,7,Difficulty collaborating with remote colleagues,4,Problems with audio-visual setup
180,4,Noisy work environment,5,Problems with audio-visual setup
182,7,Noisy work environment,5,Lack of appropriate work and meeting spaces
184,7,Difficulty collaborating with remote colleagues,5,Problems with audio-visual setup
189,14,NA,14,NA
198,14,NA,14,NA
200,14,NA,14,NA
217,6,Noisy work environment,4,Problems with audio-visual setup
225,14,NA,14,NA
229,5,Interruptions,6,Difficulty collaborating with remote colleagues
232,14,NA,14,NA
234,14,NA,14,NA
238,4,Difficulty collaborating with remote colleagues,4,Lack of appropriate work and meeting spaces
261,6,Interruptions,5,Problems with audio-visual setup
264,14,NA,14,NA
270,5,Lack of appropriate work and meeting spaces,6,Noisy work environment
283,3,Interruptions,4,Noisy work environment
287,6,Problems with audio-visual setup,7,Noisy work environment
291,14,NA,14,NA
293,14,NA,14,NA
298,14,NA,14,NA
306,7,Connectivity/internet issues,4,Problems with audio-visual setup
307,4,Lack of privacy,5,Interruptions
324,3,Difficulty collaborating with remote colleagues,4,Lack of privacy
325,14,NA,14,NA
332,14,NA,14,NA
346,3,Interruptions,3,Difficulty innovating
368,14,NA,14,NA
370,4,Difficulty innovating,4,Lack of appropriate work and meeting spaces
385,5,Interruptions,5,Noisy work environment
397,6,Difficulty collaborating with remote colleagues,5,Connectivity/internet issues
400,14,NA,14,NA
407,5,Problems with audio-visual setup,4,Noisy work environment
409,6,Noisy work environment,6,Lack of privacy
414,3,Problems with audio-visual setup,3,Problems with audio-visual setup
419,4,Interruptions,3,Difficulty collaborating with remote colleagues
425,14,NA,14,NA
428,6,Noisy work environment,7,Lack of appropriate work and meeting spaces
432,14,NA,14,NA
453,6,Noisy work environment,4,Problems with audio-visual setup
458,5,Connectivity/internet issues,5,Noisy work environment
459,14,NA,14,NA
466,14,NA,14,NA
468,14,NA,14,NA
470,4,Difficulty collaborating with remote colleagues,4,Interruptions
480,4,Connectivity/internet issues,5,Noisy work environment
498,14,NA,14,NA
504,6,Difficulty collaborating with remote colleagues,5,Lack of privacy
505,4,Interruptions,5,Connectivity/internet issues
527,5,Difficulty innovating,3,Lack of appropriate work and meeting spaces
541,5,Interruptions,4,Difficulty collaborating with remote colleagues
548,5,Connectivity/internet issues,4,Noisy work environment
559,14,NA,14,NA
562,5,Connectivity/internet issues,5,Lack of privacy
563,3,Interruptions,5,Noisy work environment
568,14,NA,14,NA
594,4,Lack of appropriate work and meeting spaces,3,Problems with audio-visual setup
595,7,Interruptions,4,Lack of appropriate work and meeting spaces
616,5,Interruptions,4,Problems with audio-visual setup
619,4,Interruptions,3,Noisy work environment
626,3,Difficulty collaborating with remote colleagues,4,Problems with audio-visual setup
631,3,Lack of appropriate work and meeting spaces,5,Difficulty collaborating with remote colleagues
632,14,NA,14,NA
634,14,NA,14,NA
859,7,Difficulty collaborating with remote colleagues,6,Interruptions
873,7,Connectivity/internet issues,3,Problems with audio-visual setup
876,3,Lack of privacy,3,Problems with audio-visual setup
881,14,NA,14,NA
882,14,NA,14,NA
900,4,Problems with audio-visual setup,4,Interruptions
909,7,Difficulty innovating,6,Noisy work environment
913,14,NA,14,NA
918,7,Connectivity/internet issues,7,Noisy work environment
930,7,Lack of appropriate work and meeting spaces,5,Connectivity/internet issues
931,14,NA,14,NA
946,14,NA,14,NA
979,5,Problems with audio-visual setup,4,Lack of appropriate work and meeting spaces
982,14,NA,14,NA
985,6,Difficulty collaborating with remote colleagues,5,Noisy work environment
994,4,Difficulty collaborating with remote colleagues,2,Problems with audio-visual setup
996,14,NA,14,NA
1003,7,Connectivity/internet issues,7,Difficulty innovating
1018,7,Difficulty collaborating with remote colleagues,7,Connectivity/internet issues
1024,7,Interruptions,6,Connectivity/internet issues
1032,14,NA,14,NA
1042,7,Noisy work environment,3,Lack of privacy
1063,14,NA,14,NA
1068,7,Connectivity/internet issues,7,Lack of privacy
1073,3,Problems with audio-visual setup,4,Difficulty innovating
1074,7,Connectivity/internet issues,6,Difficulty innovating
1082,14,NA,14,NA
1097,4,Difficulty collaborating with remote colleagues,5,Interruptions
1113,14,NA,14,NA
1130,6,Lack of appropriate work and meeting spaces,6,Connectivity/internet issues
1132,14,NA,14,NA
1135,7,Problems with audio-visual setup,7,Noisy work environment
1149,14,NA,14,NA
1161,3,Problems with audio-visual setup,3,Lack of privacy
1180,6,Lack of privacy,6,Connectivity/internet issues
1181,14,NA,14,NA
1186,7,Connectivity/internet issues,4,Lack of appropriate work and meeting spaces
1198,6,Problems with audio-visual setup,6,Noisy work environment
1204,6,Noisy work environment,5,Difficulty collaborating with remote colleagues
1213,14,NA,14,NA
1229,3,Problems with audio-visual setup,6,Connectivity/internet issues
1231,14,NA,14,NA
1232,14,NA,14,NA
1249,14,NA,14,NA
1263,14,NA,14,NA
1268,4,Lack of appropriate work and meeting spaces,4,Problems with audio-visual setup
1335,6,Lack of appropriate work and meeting spaces,5,Difficulty innovating
1346,14,NA,14,NA
1354,7,Lack of appropriate work and meeting spaces,7,Connectivity/internet issues
1381,14,NA,14,NA
1391,4,Noisy work environment,6,Connectivity/internet issues
1392,6,Noisy work environment,4,Problems with audio-visual setup
1409,6,Interruptions,4,Lack of appropriate work and meeting spaces
1413,14,NA,14,NA
1422,7,Interruptions,7,Connectivity/internet issues
1423,4,Difficulty collaborating with remote colleagues,3,Noisy work environment
1424,7,Interruptions,6,Difficulty innovating
1427,5,Difficulty collaborating with remote colleagues,5,Connectivity/internet issues
1431,14,NA,14,NA
1432,14,NA,14,NA
1447,4,Lack of privacy,2,Noisy work environment
1449,14,NA,14,NA
1450,14,NA,14,NA
1460,6,Interruptions,4,Lack of privacy
1467,14,NA,14,NA
1497,7,Connectivity/internet issues,5,Interruptions
1499,14,NA,14,NA
1506,4,Problems with audio-visual setup,3,Problems with audio-visual setup
1511,3,Difficulty collaborating with remote colleagues,3,Problems with audio-visual setup
1512,5,Connectivity/internet issues,4,Problems with audio-visual setup
571,6,Connectivity/internet issues,4,Noisy work environment
584,6,Interruptions,5,Problems with audio-visual setup
589,7,Difficulty collaborating with remote colleagues,6,Interruptions
597,14,NA,14,NA
604,4,Connectivity/internet issues,3,Problems with audio-visual setup
608,7,Connectivity/internet issues,6,Lack of privacy
627,5,Connectivity/internet issues,4,Noisy work environment
629,14,NA,14,NA
633,4,Difficulty innovating,4,Interruptions
648,14,NA,14,NA
661,14,NA,14,NA
662,14,NA,14,NA
676,7,Difficulty collaborating with remote colleagues,6,Interruptions
678,7,Problems with audio-visual setup,5,Interruptions
679,14,NA,14,NA
689,4,Noisy work environment,3,Lack of appropriate work and meeting spaces
698,14,NA,14,NA
702,6,Noisy work environment,5,Connectivity/internet issues
714,6,Difficulty collaborating with remote colleagues,6,Lack of privacy
715,14,NA,14,NA
719,7,Connectivity/internet issues,4,Difficulty collaborating with remote colleagues
731,7,Problems with audio-visual setup,5,Lack of appropriate work and meeting spaces
770,6,Difficulty collaborating with remote colleagues,5,Noisy work environment
775,6,Connectivity/internet issues,4,Interruptions
776,7,Lack of appropriate work and meeting spaces,6,Connectivity/internet issues
797,14,NA,14,NA
798,14,NA,14,NA
802,6,Problems with audio-visual setup,5,Noisy work environment
808,7,Connectivity/internet issues,6,Lack of privacy
812,14,NA,14,NA
815,4,Difficulty collaborating with remote colleagues,4,Lack of appropriate work and meeting spaces
820,7,Noisy work environment,4,Interruptions
831,7,Connectivity/internet issues,5,Noisy work environment
843,7,Interruptions,6,Difficulty innovating
846,7,Lack of privacy,5,Difficulty innovating
847,14,NA,14,NA
864,5,Problems with audio-visual setup,7,Noisy work environment
880,14,NA,14,NA
897,14,NA,14,NA
912,14,NA,14,NA
915,14,NA,14,NA
927,6,Interruptions,3,Problems with audio-visual setup
947,14,NA,14,NA
957,6,Difficulty innovating,7,Connectivity/internet issues
962,14,NA,14,NA
980,14,NA,14,NA
989,4,Problems with audio-visual setup,6,Noisy work environment
1001,6,Problems with audio-visual setup,5,Lack of privacy
1002,6,Connectivity/internet issues,5,Interruptions
1012,14,NA,14,NA
1029,14,NA,14,NA
1037,6,Interruptions,5,Difficulty innovating
1039,3,Difficulty innovating,4,Noisy work environment
1066,14,NA,14,NA
1069,7,Interruptions,7,Lack of privacy
1075,7,Interruptions,6,Difficulty innovating
1080,14,NA,14,NA
1090,6,Lack of privacy,7,Connectivity/internet issues
1098,14,NA,14,NA
1116,14,NA,14,NA
1126,6,Connectivity/internet issues,7,Noisy work environment
1129,14,NA,14,NA
1133,3,Lack of appropriate work and meeting spaces,5,Problems with audio-visual setup
1134,7,Problems with audio-visual setup,4,Noisy work environment
1164,5,Noisy work environment,4,Connectivity/internet issues
1166,14,NA,14,NA
1197,14,NA,14,NA
1215,14,NA,14,NA
1233,14,NA,14,NA
1238,6,Lack of privacy,5,Noisy work environment
1247,14,NA,14,NA
1251,5,Interruptions,6,Connectivity/internet issues
1252,6,Interruptions,5,Problems with audio-visual setup
1264,6,Connectivity/internet issues,6,Difficulty innovating
1265,14,NA,14,NA
1266,14,NA,14,NA
1270,6,Interruptions,5,Connectivity/internet issues
1281,7,Difficulty collaborating with remote colleagues,5,Connectivity/internet issues
1296,7,Interruptions,5,Noisy work environment
1298,14,NA,14,NA
1315,14,NA,14,NA
1333,14,NA,14,NA
1343,7,Noisy work environment,6,Connectivity/internet issues
1348,14,NA,14,NA
1363,6,Noisy work environment,6,Problems with audio-visual setup
1365,14,NA,14,NA
1375,6,Lack of appropriate work and meeting spaces,4,Lack of privacy
1378,5,Lack of appropriate work and meeting spaces,4,Problems with audio-visual setup
1380,14,NA,14,NA
1397,14,NA,14,NA
1401,5,Problems with audio-visual setup,6,Noisy work environment
1408,6,Interruptions,4,Difficulty collaborating with remote colleagues
1414,7,Difficulty innovating,5,Lack of privacy
1415,14,NA,14,NA
1430,14,NA,14,NA
1464,4,Problems with audio-visual setup,5,Noisy work environment
1465,14,NA,14,NA
1475,7,Connectivity/internet issues,6,Lack of privacy
1487,4,Lack of appropriate work and meeting spaces,4,Interruptions
1494,7,Difficulty collaborating with remote colleagues,6,Lack of privacy
1495,5,Noisy work environment,4,Difficulty collaborating with remote colleagues
1498,14,NA,14,NA
1505,7,Connectivity/internet issues,4,Noisy work environment
651,6,Difficulty collaborating with remote colleagues,4,Noisy work environment
663,6,Lack of privacy,5,Connectivity/internet issues
665,7,Lack of appropriate work and meeting spaces,7,Noisy work environment
666,14,NA,14,NA
682,6,Lack of appropriate work and meeting spaces,6,Connectivity/internet issues
684,5,Connectivity/internet issues,4,Difficulty innovating
685,6,Noisy work environment,4,Interruptions
699,6,Interruptions,5,Connectivity/internet issues
700,14,NA,14,NA
704,7,Noisy work environment,4,Problems with audio-visual setup
708,7,Interruptions,7,Lack of privacy
709,7,Noisy work environment,5,Connectivity/internet issues
717,4,Lack of privacy,6,Connectivity/internet issues
721,7,Difficulty innovating,6,Problems with audio-visual setup
725,14,NA,14,NA
728,3,Noisy work environment,4,Noisy work environment
732,14,NA,14,NA
739,4,Noisy work environment,5,Connectivity/internet issues
748,4,Lack of appropriate work and meeting spaces,5,Noisy work environment
755,6,Difficulty collaborating with remote colleagues,7,Noisy work environment
757,14,NA,14,NA
760,6,Problems with audio-visual setup,7,Noisy work environment
761,14,NA,14,NA
768,14,NA,14,NA
774,7,Difficulty collaborating with remote colleagues,4,Connectivity/internet issues
782,7,Interruptions,5,Connectivity/internet issues
793,14,NA,14,NA
795,3,Problems with audio-visual setup,5,Noisy work environment
834,14,NA,14,NA
839,4,Interruptions,5,Lack of appropriate work and meeting spaces
840,5,Lack of privacy,6,Noisy work environment
841,6,Difficulty collaborating with remote colleagues,6,Interruptions
860,4,Lack of appropriate work and meeting spaces,6,Connectivity/internet issues
862,4,Connectivity/internet issues,6,Noisy work environment
865,6,Noisy work environment,5,Problems with audio-visual setup
867,7,Interruptions,7,Lack of appropriate work and meeting spaces
868,14,NA,14,NA
883,3,Problems with audio-visual setup,4,Lack of appropriate work and meeting spaces
891,14,NA,14,NA
893,14,NA,14,NA
902,14,NA,14,NA
921,7,Difficulty innovating,6,Lack of appropriate work and meeting spaces
925,14,NA,14,NA
933,7,Difficulty collaborating with remote colleagues,7,Noisy work environment
936,14,NA,14,NA
959,14,NA,14,NA
961,14,NA,14,NA
963,4,Interruptions,4,Noisy work environment
965,5,Lack of appropriate work and meeting spaces,3,Noisy work environment
968,14,NA,14,NA
995,4,Noisy work environment,4,Lack of privacy
997,3,Difficulty innovating,5,Problems with audio-visual setup
1011,6,Interruptions,6,Connectivity/internet issues
1014,3,Noisy work environment,3,Problems with audio-visual setup
1021,4,Interruptions,6,Noisy work environment
1031,5,Interruptions,3,Connectivity/internet issues
1040,6,Difficulty collaborating with remote colleagues,5,Interruptions
1041,6,Connectivity/internet issues,6,Difficulty innovating
1043,5,Problems with audio-visual setup,4,Noisy work environment
1053,4,Connectivity/internet issues,3,Problems with audio-visual setup
1055,7,Difficulty innovating,6,Noisy work environment
1065,6,Lack of appropriate work and meeting spaces,5,Noisy work environment
1085,6,Problems with audio-visual setup,4,Noisy work environment
1089,7,Interruptions,6,Connectivity/internet issues
1093,14,NA,14,NA
1095,14,NA,14,NA
1100,14,NA,14,NA
1102,14,NA,14,NA
1125,14,NA,14,NA
1131,4,Interruptions,4,Lack of appropriate work and meeting spaces
1136,14,NA,14,NA
1172,6,Noisy work environment,5,Lack of privacy
1184,6,Difficulty collaborating with remote colleagues,6,Lack of privacy
1195,14,NA,14,NA
1206,3,Problems with audio-visual setup,5,Lack of appropriate work and meeting spaces
1216,3,Problems with audio-visual setup,6,Interruptions
1218,7,Difficulty collaborating with remote colleagues,5,Noisy work environment
1221,3,Problems with audio-visual setup,4,Connectivity/internet issues
1225,14,NA,14,NA
1227,14,NA,14,NA
1228,7,Difficulty innovating,6,Connectivity/internet issues
1230,5,Problems with audio-visual setup,5,Difficulty innovating
1234,14,NA,14,NA
1236,14,NA,14,NA
1240,7,Difficulty collaborating with remote colleagues,7,Noisy work environment
1245,6,Lack of privacy,6,Difficulty collaborating with remote colleagues
1250,3,Noisy work environment,3,Problems with audio-visual setup
1259,14,NA,14,NA
1274,4,Interruptions,7,Noisy work environment
1282,5,Difficulty collaborating with remote colleagues,4,Lack of privacy
1293,14,NA,14,NA
1295,14,NA,14,NA
1297,6,Difficulty collaborating with remote colleagues,5,Difficulty innovating
1299,6,Lack of appropriate work and meeting spaces,5,Difficulty innovating
1302,14,NA,14,NA
1308,6,Lack of privacy,5,Difficulty innovating
1320,7,Noisy work environment,5,Lack of appropriate work and meeting spaces
1332,7,Connectivity/internet issues,6,Interruptions
1336,14,NA,14,NA
1345,7,Noisy work environment,5,Problems with audio-visual setup
1359,14,NA,14,NA
1361,14,NA,14,NA
1367,7,Lack of appropriate work and meeting spaces,4,Lack of privacy
1370,14,NA,14,NA
1374,7,Interruptions,4,Problems with audio-visual setup
1384,4,Difficulty collaborating with remote colleagues,5,Lack of appropriate work and meeting spaces
1385,4,Noisy work environment,3,Noisy work environment
1387,6,Problems with audio-visual setup,4,Lack of privacy
1393,14,NA,14,NA
1395,14,NA,14,NA
1399,6,Difficulty collaborating with remote colleagues,5,Noisy work environment
1402,14,NA,14,NA
1416,6,Connectivity/internet issues,3,Problems with audio-visual setup
1421,5,Difficulty collaborating with remote colleagues,5,Lack of privacy
1433,4,Lack of privacy,4,Problems with audio-visual setup
1436,14,NA,14,NA
1443,6,Noisy work environment,6,Connectivity/internet issues
1459,14,NA,14,NA
1461,14,NA,14,NA
1468,14,NA,14,NA
1486,5,Noisy work environment,7,Connectivity/internet issues
1493,14,NA,14,NA
1496,4,Noisy work environment,3,Difficulty innovating
1501,7,Interruptions,4,Connectivity/internet issues
1502,14,NA,14,NA
602,4,Lack of privacy,5,Connectivity/internet issues
622,14,NA,14,NA
636,5,Interruptions,4,Lack of appropriate work and meeting spaces
637,14,NA,14,NA
641,6,Noisy work environment,5,Problems with audio-visual setup
643,7,Connectivity/internet issues,7,Lack of privacy
654,14,NA,14,NA
656,14,NA,14,NA
658,7,Interruptions,4,Problems with audio-visual setup
688,14,NA,14,NA
703,14,NA,14,NA
711,7,Difficulty collaborating with remote colleagues,4,Connectivity/internet issues
726,5,Difficulty innovating,6,Noisy work environment
741,7,Interruptions,4,Lack of privacy
745,7,Interruptions,7,Connectivity/internet issues
765,6,Difficulty collaborating with remote colleagues,7,Noisy work environment
767,7,Difficulty collaborating with remote colleagues,6,Lack of privacy
771,14,NA,14,NA
772,6,Interruptions,3,Difficulty innovating
773,14,NA,14,NA
777,7,Lack of appropriate work and meeting spaces,7,Connectivity/internet issues
788,14,NA,14,NA
789,7,Noisy work environment,5,Problems with audio-visual setup
790,14,NA,14,NA
804,4,Lack of privacy,5,Noisy work environment
806,5,Difficulty collaborating with remote colleagues,7,Interruptions
826,5,Problems with audio-visual setup,6,Connectivity/internet issues
828,6,Lack of privacy,5,Connectivity/internet issues
836,6,Interruptions,6,Noisy work environment
837,14,NA,14,NA
848,4,Interruptions,6,Difficulty innovating
858,4,Problems with audio-visual setup,4,Connectivity/internet issues
872,5,Interruptions,7,Lack of privacy
877,5,Difficulty innovating,6,Lack of privacy
888,14,NA,14,NA
890,14,NA,14,NA
892,6,Difficulty collaborating with remote colleagues,5,Lack of privacy
894,6,Interruptions,5,Problems with audio-visual setup
896,7,Difficulty collaborating with remote colleagues,7,Connectivity/internet issues
905,14,NA,14,NA
907,14,NA,14,NA
914,6,Difficulty collaborating with remote colleagues,4,Noisy work environment
922,14,NA,14,NA
937,14,NA,14,NA
954,14,NA,14,NA
956,14,NA,14,NA
1005,14,NA,14,NA
1019,5,Lack of appropriate work and meeting spaces,4,Lack of privacy
1022,14,NA,14,NA
1028,7,Lack of privacy,7,Connectivity/internet issues
1030,7,Interruptions,7,Lack of appropriate work and meeting spaces
1048,4,Noisy work environment,3,Lack of privacy
1060,4,Noisy work environment,4,Difficulty collaborating with remote colleagues
1062,6,Connectivity/internet issues,5,Difficulty collaborating with remote colleagues
1067,7,Interruptions,6,Connectivity/internet issues
1070,4,Noisy work environment,5,Problems with audio-visual setup
1077,4,Noisy work environment,4,Difficulty collaborating with remote colleagues
1079,7,Connectivity/internet issues,7,Lack of privacy
1104,5,Noisy work environment,4,Problems with audio-visual setup
1105,14,NA,14,NA
1114,5,Interruptions,5,Difficulty innovating
1122,14,NA,14,NA
1123,6,Difficulty innovating,6,Lack of privacy
1124,14,NA,14,NA
1141,14,NA,14,NA
1150,4,Connectivity/internet issues,6,Noisy work environment
1154,14,NA,14,NA
1156,14,NA,14,NA
1157,6,Difficulty collaborating with remote colleagues,6,Noisy work environment
1162,6,Difficulty collaborating with remote colleagues,5,Noisy work environment
1165,7,Difficulty collaborating with remote colleagues,6,Noisy work environment
1187,7,Interruptions,5,Lack of appropriate work and meeting spaces
1190,14,NA,14,NA
1196,7,Lack of appropriate work and meeting spaces,7,Connectivity/internet issues
1199,7,Difficulty innovating,6,Lack of privacy
1202,3,Difficulty collaborating with remote colleagues,3,Difficulty innovating
1205,14,NA,14,NA
1209,5,Noisy work environment,6,Problems with audio-visual setup
1222,14,NA,14,NA
1224,14,NA,14,NA
1243,6,Connectivity/internet issues,5,Difficulty innovating
1271,14,NA,14,NA
1289,7,Noisy work environment,5,Lack of privacy
1290,14,NA,14,NA
1291,6,Problems with audio-visual setup,6,Difficulty innovating
1305,14,NA,14,NA
1309,3,Lack of appropriate work and meeting spaces,5,Difficulty innovating
1313,7,Noisy work environment,4,Connectivity/internet issues
1316,6,Difficulty innovating,4,Noisy work environment
1322,14,NA,14,NA
1324,14,NA,14,NA
1338,3,Interruptions,3,Noisy work environment
1340,5,Difficulty innovating,4,Problems with audio-visual setup
1341,14,NA,14,NA
1350,3,Problems with audio-visual setup,4,Lack of privacy
1356,14,NA,14,NA
1364,7,Connectivity/internet issues,7,Noisy work environment
1372,6,Interruptions,6,Difficulty innovating
1388,14,NA,14,NA
1404,5,Interruptions,4,Lack of privacy
1405,14,NA,14,NA
1406,5,Lack of appropriate work and meeting spaces,4,Problems with audio-visual setup
1411,5,Lack of appropriate work and meeting spaces,6,Problems with audio-visual setup
1418,7,Difficulty collaborating with remote colleagues,6,Connectivity/internet issues
1435,7,Difficulty collaborating with remote colleagues,6,Lack of privacy
1455,5,Interruptions,4,Problems with audio-visual setup
1456,14,NA,14,NA
1458,14,NA,14,NA
1472,3,Noisy work environment,3,Interruptions
1473,14,NA,14,NA
1474,5,Lack of privacy,7,Connectivity/internet issues
1477,6,Interruptions,5,Connectivity/internet issues
1484,7,Interruptions,6,Lack of privacy
1489,7,Noisy work environment,5,Lack of appropriate work and meeting spaces
1491,7,Difficulty collaborating with remote colleagues,5,Noisy work environment
1492,14,NA,14,NA
830,7,Lack of appropriate work and meeting spaces,4,Connectivity/internet issues
833,14,NA,14,NA
844,14,NA,14,NA
851,14,NA,14,NA
855,4,Interruptions,4,Lack of privacy
861,6,Lack of appropriate work and meeting spaces,4,Interruptions
869,14,NA,14,NA
898,5,Difficulty innovating,6,Lack of privacy
899,3,Lack of appropriate work and meeting spaces,3,Noisy work environment
908,14,NA,14,NA
917,7,Noisy work environment,5,Problems with audio-visual setup
919,14,NA,14,NA
924,7,Difficulty collaborating with remote colleagues,5,Lack of privacy
926,14,NA,14,NA
929,6,Lack of appropriate work and meeting spaces,7,Connectivity/internet issues
941,7,Connectivity/internet issues,4,Lack of appropriate work and meeting spaces
948,7,Difficulty collaborating with remote colleagues,7,Noisy work environment
951,14,NA,14,NA
958,14,NA,14,NA
973,5,Lack of privacy,3,Noisy work environment
998,7,Interruptions,7,Difficulty collaborating with remote colleagues
999,6,Noisy work environment,6,Lack of privacy
1010,7,Noisy work environment,5,Connectivity/internet issues
1023,7,Difficulty collaborating with remote colleagues,7,Noisy work environment
1026,14,NA,14,NA
1033,14,NA,14,NA
1035,6,Difficulty collaborating with remote colleagues,6,Lack of appropriate work and meeting spaces
1036,6,Interruptions,7,Connectivity/internet issues
1059,7,Difficulty collaborating with remote colleagues,7,Interruptions
1072,6,Difficulty collaborating with remote colleagues,7,Connectivity/internet issues
1099,3,Lack of appropriate work and meeting spaces,3,Lack of appropriate work and meeting spaces
1101,14,NA,14,NA
1143,5,Lack of privacy,5,Lack of appropriate work and meeting spaces
1144,14,NA,14,NA
1147,7,Difficulty collaborating with remote colleagues,6,Lack of privacy
1148,7,Connectivity/internet issues,7,Difficulty collaborating with remote colleagues
1151,14,NA,14,NA
1160,5,Lack of appropriate work and meeting spaces,4,Problems with audio-visual setup
1173,4,Connectivity/internet issues,4,Problems with audio-visual setup
1176,14,NA,14,NA
1179,3,Problems with audio-visual setup,4,Difficulty innovating
1191,7,Difficulty innovating,7,Noisy work environment
1192,6,Connectivity/internet issues,3,Difficulty innovating
1193,4,Noisy work environment,3,Noisy work environment
1194,14,NA,14,NA
1201,14,NA,14,NA
1212,14,NA,14,NA
1219,14,NA,14,NA
1226,14,NA,14,NA
1235,6,Problems with audio-visual setup,6,Interruptions
1237,14,NA,14,NA
1241,7,Difficulty collaborating with remote colleagues,7,Lack of privacy
1248,7,Interruptions,4,Lack of appropriate work and meeting spaces
1253,6,Connectivity/internet issues,6,Difficulty innovating
1262,14,NA,14,NA
1269,14,NA,14,NA
1280,5,Connectivity/internet issues,6,Difficulty collaborating with remote colleagues
1294,14,NA,14,NA
1301,14,NA,14,NA
1304,7,Interruptions,6,Lack of appropriate work and meeting spaces
1310,5,Lack of privacy,4,Interruptions
1312,14,NA,14,NA
1319,14,NA,14,NA
1323,6,Problems with audio-visual setup,5,Noisy work environment
1329,6,Interruptions,4,Noisy work environment
1330,5,Difficulty innovating,6,Lack of privacy
1337,14,NA,14,NA
1344,14,NA,14,NA
1349,5,Difficulty innovating,4,Interruptions
1351,14,NA,14,NA
1353,6,Connectivity/internet issues,6,Difficulty innovating
1362,14,NA,14,NA
1368,3,Connectivity/internet issues,4,Lack of privacy
1373,7,Connectivity/internet issues,4,Lack of privacy
1376,14,NA,14,NA
1386,4,Problems with audio-visual setup,3,Difficulty innovating
1394,14,NA,14,NA
1398,7,Lack of appropriate work and meeting spaces,7,Connectivity/internet issues
1417,7,Connectivity/internet issues,5,Difficulty innovating
1419,14,NA,14,NA
1426,14,NA,14,NA
1434,7,Noisy work environment,7,Connectivity/internet issues
1437,14,NA,14,NA
1444,14,NA,14,NA
1451,14,NA,14,NA
1453,5,Lack of privacy,4,Interruptions
1454,3,Problems with audio-visual setup,4,Interruptions
1462,14,NA,14,NA
1466,7,Problems with audio-visual setup,7,Difficulty innovating
1504,4,Difficulty innovating,3,Problems with audio-visual setup
1509,7,Difficulty collaborating with remote colleagues,7,Connectivity/internet issues
720,6,Interruptions,5,Problems with audio-visual setup
722,5,Connectivity/internet issues,3,Difficulty innovating
743,14,NA,14,NA
747,7,Connectivity/internet issues,4,Interruptions
750,14,NA,14,NA
752,14,NA,14,NA
754,5,Lack of appropriate work and meeting spaces,3,Interruptions
756,5,Noisy work environment,6,Problems with audio-visual setup
766,7,Problems with audio-visual setup,5,Difficulty collaborating with remote colleagues
778,5,Difficulty collaborating with remote colleagues,5,Interruptions
784,14,NA,14,NA
792,7,Difficulty collaborating with remote colleagues,7,Lack of appropriate work and meeting spaces
807,14,NA,14,NA
809,14,NA,14,NA
811,5,Interruptions,3,Noisy work environment
813,7,Noisy work environment,4,Difficulty innovating
816,14,NA,14,NA
822,6,Lack of appropriate work and meeting spaces,5,Difficulty collaborating with remote colleagues
824,5,Interruptions,6,Connectivity/internet issues
825,6,Difficulty collaborating with remote colleagues,6,Lack of privacy
852,14,NA,14,NA
857,3,Interruptions,3,Difficulty collaborating with remote colleagues
875,14,NA,14,NA
886,14,NA,14,NA
910,6,Difficulty collaborating with remote colleagues,4,Connectivity/internet issues
911,14,NA,14,NA
916,14,NA,14,NA
920,4,Problems with audio-visual setup,4,Noisy work environment
932,6,Problems with audio-visual setup,6,Noisy work environment
939,6,Lack of privacy,7,Problems with audio-visual setup
943,14,NA,14,NA
950,14,NA,14,NA
969,7,Difficulty collaborating with remote colleagues,6,Lack of privacy
975,14,NA,14,NA
977,14,NA,14,NA
981,7,Interruptions,4,Connectivity/internet issues
983,7,Difficulty collaborating with remote colleagues,7,Noisy work environment
984,14,NA,14,NA
991,7,Difficulty innovating,5,Problems with audio-visual setup
1009,14,NA,14,NA
1016,14,NA,14,NA
1025,5,Noisy work environment,7,Difficulty collaborating with remote colleagues
1045,14,NA,14,NA
1050,14,NA,14,NA
1051,7,Problems with audio-visual setup,7,Lack of privacy
1052,14,NA,14,NA
1056,5,Interruptions,3,Problems with audio-visual setup
1058,7,Interruptions,7,Connectivity/internet issues
1071,7,Noisy work environment,6,Connectivity/internet issues
1076,4,Lack of appropriate work and meeting spaces,3,Problems with audio-visual setup
1081,7,Noisy work environment,7,Connectivity/internet issues
1084,14,NA,14,NA
1086,14,NA,14,NA
1088,6,Difficulty collaborating with remote colleagues,5,Lack of privacy
1092,7,Interruptions,7,Lack of privacy
1111,14,NA,14,NA
1112,7,Noisy work environment,6,Lack of appropriate work and meeting spaces
1115,6,Difficulty collaborating with remote colleagues,5,Noisy work environment
1118,14,NA,14,NA
1120,4,Interruptions,4,Lack of privacy
1137,6,Problems with audio-visual setup,7,Noisy work environment
1142,3,Lack of privacy,4,Noisy work environment
1146,7,Problems with audio-visual setup,6,Lack of privacy
1152,14,NA,14,NA
1159,7,Difficulty collaborating with remote colleagues,5,Interruptions
1175,14,NA,14,NA
1200,7,Difficulty innovating,5,Noisy work environment
1211,14,NA,14,NA
1214,7,Difficulty collaborating with remote colleagues,6,Difficulty innovating
1217,7,Interruptions,7,Difficulty collaborating with remote colleagues
1220,14,NA,14,NA
1244,4,Difficulty collaborating with remote colleagues,6,Lack of privacy
1246,4,Interruptions,3,Noisy work environment
1254,14,NA,14,NA
1258,7,Lack of appropriate work and meeting spaces,7,Connectivity/internet issues
1261,7,Difficulty collaborating with remote colleagues,5,Lack of privacy
1273,6,Interruptions,7,Connectivity/internet issues
1275,14,NA,14,NA
1279,14,NA,14,NA
1283,6,Interruptions,5,Lack of privacy
1284,14,NA,14,NA
1286,14,NA,14,NA
1300,6,Interruptions,6,Connectivity/internet issues
1311,14,NA,14,NA
1314,7,Difficulty collaborating with remote colleagues,6,Lack of privacy
1318,14,NA,14,NA
1325,3,Interruptions,3,Problems with audio-visual setup
1334,4,Difficulty innovating,5,Connectivity/internet issues
1352,14,NA,14,NA
1371,6,Noisy work environment,4,Lack of appropriate work and meeting spaces
1379,4,Lack of appropriate work and meeting spaces,4,Noisy work environment
1403,4,Difficulty innovating,3,Problems with audio-visual setup
1407,7,Problems with audio-visual setup,6,Difficulty collaborating with remote colleagues
1439,6,Problems with audio-visual setup,4,Noisy work environment
1445,14,NA,14,NA
1448,7,Difficulty collaborating with remote colleagues,6,Problems with audio-visual setup
1452,14,NA,14,NA
1469,4,Interruptions,3,Lack of appropriate work and meeting spaces
1470,6,Interruptions,6,Lack of appropriate work and meeting spaces
1479,14,NA,14,NA
1480,5,Noisy work environment,5,Lack of privacy
1485,7,Difficulty innovating,7,Noisy work environment
1500,6,Connectivity/internet issues,3,Interruptions
1507,6,Interruptions,7,Difficulty innovating
727,4,Problems with audio-visual setup,3,Problems with audio-visual setup
734,4,Lack of appropriate work and meeting spaces,6,Noisy work environment
735,14,NA,14,NA
740,7,Lack of appropriate work and meeting spaces,5,Problems with audio-visual setup
758,5,Interruptions,7,Difficulty innovating
764,3,Problems with audio-visual setup,5,Noisy work environment
799,14,NA,14,NA
810,14,NA,14,NA
814,7,Noisy work environment,7,Difficulty collaborating with remote colleagues
817,14,NA,14,NA
835,14,NA,14,NA
842,14,NA,14,NA
863,7,Interruptions,6,Noisy work environment
874,14,NA,14,NA
878,14,NA,14,NA
884,5,Difficulty collaborating with remote colleagues,5,Noisy work environment
885,14,NA,14,NA
889,7,Connectivity/internet issues,4,Lack of appropriate work and meeting spaces
895,5,Noisy work environment,5,Lack of appropriate work and meeting spaces
901,5,Interruptions,7,Noisy work environment
928,14,NA,14,NA
945,6,Problems with audio-visual setup,7,Lack of privacy
952,7,Lack of privacy,3,Problems with audio-visual setup
953,14,NA,14,NA
960,14,NA,14,NA
967,14,NA,14,NA
970,6,Connectivity/internet issues,7,Noisy work environment
978,14,NA,14,NA
988,6,Interruptions,4,Problems with audio-visual setup
992,14,NA,14,NA
1000,7,Difficulty collaborating with remote colleagues,7,Noisy work environment
1007,7,Lack of privacy,4,Connectivity/internet issues
1017,14,NA,14,NA
1020,7,Difficulty collaborating with remote colleagues,6,Lack of privacy
1027,6,Interruptions,4,Lack of appropriate work and meeting spaces
1034,3,Problems with audio-visual setup,4,Noisy work environment
1078,14,NA,14,NA
1094,6,Noisy work environment,6,Difficulty collaborating with remote colleagues
1096,6,Connectivity/internet issues,5,Lack of appropriate work and meeting spaces
1103,14,NA,14,NA
1109,4,Connectivity/internet issues,3,Noisy work environment
1110,14,NA,14,NA
1117,14,NA,14,NA
1119,6,Interruptions,6,Noisy work environment
1128,14,NA,14,NA
1140,4,Difficulty innovating,5,Interruptions
1145,7,Lack of appropriate work and meeting spaces,6,Connectivity/internet issues
1153,14,NA,14,NA
1158,7,Connectivity/internet issues,5,Noisy work environment
1163,7,Difficulty innovating,6,Noisy work environment
1167,14,NA,14,NA
1168,7,Interruptions,7,Connectivity/internet issues
1169,4,Connectivity/internet issues,5,Lack of appropriate work and meeting spaces
1170,4,Lack of appropriate work and meeting spaces,3,Problems with audio-visual setup
1177,4,Noisy work environment,3,Connectivity/internet issues
1178,14,NA,14,NA
1182,5,Difficulty collaborating with remote colleagues,6,Interruptions
1185,14,NA,14,NA
1188,7,Difficulty collaborating with remote colleagues,6,Difficulty innovating
1189,4,Noisy work environment,4,Interruptions
1203,14,NA,14,NA
1207,5,Lack of privacy,6,Lack of appropriate work and meeting spaces
1210,14,NA,14,NA
1239,4,Interruptions,4,Difficulty innovating
1242,14,NA,14,NA
1256,7,Noisy work environment,6,Problems with audio-visual setup
1260,14,NA,14,NA
1267,14,NA,14,NA
1276,5,Difficulty collaborating with remote colleagues,7,Noisy work environment
1277,4,Lack of appropriate work and meeting spaces,6,Interruptions
1278,14,NA,14,NA
1285,14,NA,14,NA
1287,6,Interruptions,6,Difficulty collaborating with remote colleagues
1288,7,Interruptions,6,Difficulty innovating
1292,14,NA,14,NA
1303,14,NA,14,NA
1307,7,Connectivity/internet issues,4,Noisy work environment
1317,14,NA,14,NA
1326,5,Noisy work environment,4,Difficulty collaborating with remote colleagues
1328,14,NA,14,NA
1339,7,Connectivity/internet issues,4,Noisy work environment
1342,14,NA,14,NA
1358,4,Interruptions,5,Noisy work environment
1360,14,NA,14,NA
1369,5,Difficulty innovating,4,Lack of privacy
1377,4,Problems with audio-visual setup,3,Connectivity/internet issues
1382,5,Difficulty collaborating with remote colleagues,6,Noisy work environment
1396,14,NA,14,NA
1410,14,NA,14,NA
1420,5,Problems with audio-visual setup,5,Noisy work environment
1428,14,NA,14,NA
1438,4,Noisy work environment,3,Problems with audio-visual setup
1446,14,NA,14,NA
1463,6,Difficulty innovating,7,Lack of privacy
1471,14,NA,14,NA
1476,7,Lack of appropriate work and meeting spaces,5,Connectivity/internet issues
1481,5,Problems with audio-visual setup,5,Noisy work environment
1482,4,Difficulty collaborating with remote colleagues,4,Noisy work environment
1483,3,Problems with audio-visual setup,3,Problems with audio-visual setup
1503,14,NA,14,NA
1510,14,NA,14,NA
686,7,Lack of privacy,5,Difficulty collaborating with remote colleagues
687,14,NA,14,NA
696,7,Difficulty innovating,3,Noisy work environment
710,7,Connectivity/internet issues,4,Lack of privacy
723,14,NA,14,NA
729,7,Interruptions,7,Difficulty innovating
736,14,NA,14,NA
749,7,Lack of appropriate work and meeting spaces,6,Connectivity/internet issues
751,7,Difficulty collaborating with remote colleagues,6,Lack of privacy
759,2,Problems with audio-visual setup,3,Problems with audio-visual setup
783,6,Interruptions,4,Lack of appropriate work and meeting spaces
787,14,NA,14,NA
791,4,Interruptions,7,Lack of privacy
805,6,Interruptions,3,Connectivity/internet issues
821,14,NA,14,NA
827,6,Difficulty innovating,5,Problems with audio-visual setup
838,14,NA,14,NA
849,7,Interruptions,3,Lack of privacy
853,14,NA,14,NA
854,4,Difficulty collaborating with remote colleagues,5,Lack of appropriate work and meeting spaces
856,6,Noisy work environment,6,Connectivity/internet issues
866,7,Connectivity/internet issues,6,Lack of appropriate work and meeting spaces
870,14,NA,14,NA
871,6,Interruptions,6,Noisy work environment
879,3,Noisy work environment,4,Interruptions
887,14,NA,14,NA
903,5,Problems with audio-visual setup,4,Interruptions
904,14,NA,14,NA
906,14,NA,14,NA
923,14,NA,14,NA
934,6,Difficulty collaborating with remote colleagues,4,Difficulty innovating
935,3,Noisy work environment,3,Noisy work environment
938,14,NA,14,NA
940,14,NA,14,NA
942,6,Difficulty collaborating with remote colleagues,5,Lack of privacy
944,7,Noisy work environment,4,Difficulty collaborating with remote colleagues
949,6,Problems with audio-visual setup,4,Difficulty collaborating with remote colleagues
955,14,NA,14,NA
964,4,Connectivity/internet issues,3,Lack of privacy
966,4,Lack of appropriate work and meeting spaces,6,Interruptions
971,6,Connectivity/internet issues,6,Noisy work environment
972,14,NA,14,NA
974,14,NA,14,NA
976,6,Lack of privacy,5,Noisy work environment
986,5,Problems with audio-visual setup,4,Connectivity/internet issues
987,14,NA,14,NA
990,7,Noisy work environment,5,Difficulty innovating
993,4,Connectivity/internet issues,4,Interruptions
1004,14,NA,14,NA
1006,14,NA,14,NA
1008,4,Difficulty collaborating with remote colleagues,4,Connectivity/internet issues
1013,4,Problems with audio-visual setup,3,Noisy work environment
1015,6,Noisy work environment,4,Problems with audio-visual setup
1038,14,NA,14,NA
1044,7,Interruptions,7,Lack of privacy
1046,7,Connectivity/internet issues,7,Difficulty collaborating with remote colleagues
1047,5,Interruptions,5,Difficulty collaborating with remote colleagues
1049,4,Noisy work environment,3,Lack of appropriate work and meeting spaces
1054,7,Interruptions,5,Lack of appropriate work and meeting spaces
1057,14,NA,14,NA
1061,3,Problems with audio-visual setup,5,Difficulty collaborating with remote colleagues
1064,4,Noisy work environment,3,Interruptions
1083,6,Noisy work environment,4,Connectivity/internet issues
1087,14,NA,14,NA
1091,14,NA,14,NA
1106,14,NA,14,NA
1107,6,Interruptions,6,Connectivity/internet issues
1108,5,Difficulty collaborating with remote colleagues,3,Noisy work environment
1121,14,NA,14,NA
1127,5,Problems with audio-visual setup,6,Difficulty innovating
1138,14,NA,14,NA
1139,6,Difficulty collaborating with remote colleagues,6,Noisy work environment
1155,14,NA,14,NA
1171,6,Noisy work environment,3,Lack of privacy
1174,14,NA,14,NA
1183,4,Interruptions,3,Lack of privacy
1208,14,NA,14,NA
1223,14,NA,14,NA
1255,14,NA,14,NA
1257,14,NA,14,NA
1272,14,NA,14,NA
1306,14,NA,14,NA
1321,14,NA,14,NA
1327,6,Noisy work environment,5,Difficulty collaborating with remote colleagues
1331,7,Lack of privacy,7,Noisy work environment
1347,4,Problems with audio-visual setup,3,Lack of appropriate work and meeting spaces
1355,14,NA,14,NA
1357,14,NA,14,NA
1366,7,Lack of privacy,6,Connectivity/internet issues
1383,6,Connectivity/internet issues,7,Lack of privacy
1389,14,NA,14,NA
1390,7,Difficulty collaborating with remote colleagues,5,Noisy work environment
1400,7,Noisy work environment,6,Connectivity/internet issues
1412,5,Difficulty collaborating with remote colleagues,3,Connectivity/internet issues
1425,14,NA,14,NA
1429,6,Noisy work environment,5,Difficulty innovating
1440,14,NA,14,NA
1441,5,Problems with audio-visual setup,7,Difficulty innovating
1442,14,NA,14,NA
1457,14,NA,14,NA
1478,6,Lack of privacy,5,Noisy work environment
1488,4,Interruptions,5,Lack of appropriate work and meeting spaces
1490,6,Noisy work environment,6,Lack of privacy
1508,14,NA,14,NA
